<plugin name='springSecurityUi' version='3.1.0-BUILD-SNAPSHOT' grailsVersion='3.0.0 &gt; *'>
  <type>grails.plugin.springsecurity.ui.SpringSecurityUiGrailsPlugin</type>
  <authorEmail>burt@burtbeckwith.com</authorEmail>
  <author>Burt Beckwith</author>
  <documentation>http://grails-plugins.github.io/grails-spring-security-ui/</documentation>
  <profiles>[web]</profiles>
  <description>User interface extensions for the Spring Security plugin</description>
  <title>Spring Security UI plugin</title>
  <version />
  <grailsVersion>3.0.0 &gt; *</grailsVersion>
  <loadAfter>[springSecurityCore, springSecurityAcl]</loadAfter>
  <license>APACHE</license>
  <issueManagement url='https://github.com/grails-plugins/grails-spring-security-ui/issues' />
  <organization name='Grails' url='http://www.grails.org/' />
  <name>spring-security-ui</name>
  <scm url='https://github.com/grails-plugins/grails-spring-security-ui/' />
  <resources>
    <resource>grails.plugin.springsecurity.ui.AbstractS2UiController</resource>
    <resource>grails.plugin.springsecurity.ui.AbstractS2UiDomainController</resource>
    <resource>grails.plugin.springsecurity.ui.AclClassController</resource>
    <resource>grails.plugin.springsecurity.ui.AclEntryController</resource>
    <resource>grails.plugin.springsecurity.ui.AclObjectIdentityController</resource>
    <resource>grails.plugin.springsecurity.ui.AclSidController</resource>
    <resource>grails.plugin.springsecurity.ui.PersistentLoginController</resource>
    <resource>grails.plugin.springsecurity.ui.RegisterController</resource>
    <resource>grails.plugin.springsecurity.ui.RegistrationCodeController</resource>
    <resource>grails.plugin.springsecurity.ui.RequestmapController</resource>
    <resource>grails.plugin.springsecurity.ui.RoleController</resource>
    <resource>grails.plugin.springsecurity.ui.SecurityInfoController</resource>
    <resource>grails.plugin.springsecurity.ui.UserController</resource>
    <resource>grails.plugin.springsecurity.ui.RegistrationCode</resource>
    <resource>grails.plugin.springsecurity.ui.Application</resource>
    <resource>grails.plugin.springsecurity.ui.SpringSecurityUiService</resource>
    <resource>grails.plugin.springsecurity.ui.SecurityUiTagLib</resource>
  </resources>
</plugin>